2016-11-09	06:36:53.040081	KitchenADiningChair	ON	Guardare_Tv begin
2016-11-09	06:37:41.286665	KitchenADiningChair	ON
2016-11-09	06:38:14.355201	KitchenAStove	ON
2016-11-09	06:38:21.773576	MainEntryway	ON
2016-11-09	06:38:21.976486	MainEntryway	ON
2016-11-09	06:38:22.177068	MainEntryway	ON
2016-11-09	06:38:23.173710	KitchenAArea	ON
2016-11-09	06:38:27.857307	KitchenAArea	ON
2016-11-09	06:38:37.983542	KitchenAArea	ON
2016-11-09	06:39:01.696547	KitchenADiningChair	ON
2016-11-09	06:39:11.354617	KitchenAArea	ON
2016-11-09	06:39:26.704529	KitchenAStove	ON
2016-11-09	06:39:28.606789	KitchenAArea	ON
2016-11-09	06:39:41.724575	KitchenAArea	ON
2016-11-09	06:39:53.138276	KitchenAStove	ON
2016-11-09	06:39:55.412272	KitchenAArea	ON
2016-11-09	06:40:06.023184	KitchenADiningChair	ON
2016-11-09	06:40:08.722976	DiningRoomAArea	ON
2016-11-09	06:40:17.150877	DiningRoomAArea	ON
2016-11-09	06:40:22.106422	KitchenADiningChair	ON
2016-11-09	06:40:22.211369	DiningRoomAArea	ON
2016-11-09	06:40:27.275494	DiningRoomAArea	ON
2016-11-09	06:40:28.528892	BedroomBBed	ON
2016-11-09	06:40:29.333858	DiningRoomAArea	ON
2016-11-09	06:40:29.760385	BedroomBArea	ON
2016-11-09	06:40:36.881617	BedroomBArea	ON
2016-11-09	06:40:38.190103	KitchenADiningChair	ON
2016-11-09	06:40:39.690011	BedroomBArea	ON
2016-11-09	06:40:41.377130	BedroomBArea	ON
2016-11-09	06:40:41.835937	BedroomBBed	ON
2016-11-09	06:40:42.846158	KitchenAArea	ON
2016-11-09	06:40:45.442580	KitchenAStove	ON
2016-11-09	06:40:47.128287	KitchenAStove	ON
2016-11-09	06:40:47.153712	KitchenAArea	ON
2016-11-09	06:40:52.406275	KitchenAArea	ON
2016-11-09	06:40:56.341578	KitchenAArea	ON
2016-11-09	06:40:57.314162	BedroomBArea	ON
2016-11-09	06:40:58.713318	BedroomBBed	ON
2016-11-09	06:41:03.130222	BedroomBArea	ON
2016-11-09	06:41:06.278085	KitchenAArea	ON
2016-11-09	06:41:10.355072	KitchenADiningChair	ON
2016-11-09	06:41:13.919652	MainEntryway	ON
2016-11-09	06:42:22.742743	KitchenAStove	ON
2016-11-09	06:42:23.332742	KitchenAArea	ON
2016-11-09	06:42:24.622540	KitchenAStove	ON
2016-11-09	06:42:44.867284	KitchenAStove	ON
2016-11-09	06:42:46.206183	KitchenAArea	ON
2016-11-09	06:42:48.302793	KitchenARefrigerator	ON
2016-11-09	06:42:48.641324	KitchenAArea	ON
2016-11-09	06:42:49.516344	KitchenADiningChair	ON
2016-11-09	06:42:49.677218	KitchenADiningChair	ON
2016-11-09	06:42:50.678282	KitchenADiningChair	ON
2016-11-09	06:42:52.578025	KitchenARefrigerator	ON
2016-11-09	06:42:53.333547	KitchenAArea	ON
2016-11-09	06:43:01.397844	KitchenARefrigerator	ON
2016-11-09	06:43:01.408530	KitchenAArea	ON
2016-11-09	06:43:03.073672	KitchenARefrigerator	ON
2016-11-09	06:43:06.448378	KitchenARefrigerator	ON
2016-11-09	06:43:09.075896	KitchenARefrigerator	ON
2016-11-09	06:43:15.639488	KitchenARefrigerator	ON
2016-11-09	06:43:16.015961	KitchenAArea	ON
2016-11-09	06:43:18.799271	KitchenAStove	ON
2016-11-09	06:43:23.302993	KitchenAStove	ON
2016-11-09	06:43:26.488723	KitchenAStove	ON
2016-11-09	06:43:48.613423	KitchenAStove	ON
2016-11-09	06:43:52.948126	KitchenAArea	ON
2016-11-09	06:44:03.636338	KitchenAArea	ON
2016-11-09	06:44:06.985945	KitchenAStove	ON
2016-11-09	06:44:22.232831	BedroomBArea	ON
2016-11-09	06:44:23.358074	BedroomBBed	ON
2016-11-09	06:44:26.255565	BedroomBBed	ON
2016-11-09	06:44:26.544368	BedroomBArea	ON
2016-11-09	06:46:50.407331	BathroomBSink	ON
2016-11-09	06:46:50.830085	BathroomBSink	ON
2016-11-09	06:46:51.239877	BathroomBSink	ON
2016-11-09	06:46:53.804831	BedroomBBed	ON
2016-11-09	06:46:53.929855	BedroomBArea	ON
2016-11-09	06:46:55.379101	BathroomBArea	ON
2016-11-09	06:47:03.846106	BedroomBArea	ON
2016-11-09	06:47:09.279701	BedroomBArea	ON
2016-11-09	06:47:09.737903	BedroomBBed	ON
2016-11-09	06:47:17.876693	BedroomBDoor	ON
2016-11-09	06:47:20.152162	BedroomBArea	ON
2016-11-09	06:47:22.359679	DiningRoomAArea	ON
2016-11-09	06:47:26.257699	BathroomBArea	ON
2016-11-09	06:47:27.187621	BedroomADoor	ON
2016-11-09	06:47:27.904349	BathroomAArea	ON
2016-11-09	06:47:28.026141	BathroomASink	ON
2016-11-09	06:47:30.280567	BathroomAToilet	ON
2016-11-09	06:47:34.091648	BathroomAArea	ON
2016-11-09	06:47:36.657084	BathroomAToilet	ON
2016-11-09	06:47:37.099142	BathroomAArea	ON
2016-11-09	06:48:10.780308	BathroomAToilet	ON
2016-11-09	06:48:20.156887	BathroomAToilet	ON
2016-11-09	06:48:21.153511	BathroomAArea	ON
2016-11-09	06:48:23.027303	BathroomAArea	ON
2016-11-09	06:48:24.998138	BathroomASink	ON
2016-11-09	06:48:27.707710	BathroomAArea	ON
2016-11-09	06:48:28.994952	KitchenAStove	ON
2016-11-09	06:48:30.454386	KitchenAArea	ON
2016-11-09	06:48:34.706332	KitchenAStove	ON
2016-11-09	06:48:36.336812	BathroomAArea	ON
2016-11-09	06:48:36.956420	KitchenAStove	ON
2016-11-09	06:48:43.089000	BathroomAArea	ON
2016-11-09	06:48:43.557035	BathroomASink	ON
2016-11-09	06:48:44.775201	BathroomAArea	ON
2016-11-09	06:48:45.809966	BathroomASink	ON
2016-11-09	06:48:47.688245	BathroomASink	ON
2016-11-09	06:48:48.578815	BathroomAArea	ON
2016-11-09	06:48:53.031037	BathroomAArea	ON
2016-11-09	06:49:00.894635	BathroomAArea	ON
2016-11-09	06:49:02.679766	BathroomASink	ON
2016-11-09	06:49:04.718842	BathroomAArea	ON
2016-11-09	06:49:09.618024	BathroomASink	ON
2016-11-09	06:49:14.583446	BathroomAArea	ON
2016-11-09	06:49:18.244162	BathroomASink	ON
2016-11-09	06:49:19.837465	BathroomAArea	ON
2016-11-09	06:49:23.491902	BathroomASink	ON
2016-11-09	06:49:23.954749	BathroomAArea	ON
2016-11-09	06:49:26.827574	KitchenAStove	ON
2016-11-09	06:49:27.602305	KitchenADiningChair	ON
2016-11-09	06:49:29.215408	BathroomAArea	ON
2016-11-09	06:49:30.430504	BathroomASink	ON
2016-11-09	06:49:31.325820	KitchenAStove	ON
2016-11-09	06:49:33.901504	BathroomAArea	ON
2016-11-09	06:49:35.487934	BathroomASink	ON
2016-11-09	06:49:35.960972	BathroomAArea	ON
2016-11-09	06:49:40.497863	BathroomBArea	ON
2016-11-09	06:49:44.451543	KitchenAStove	ON
2016-11-09	06:49:44.663335	KitchenAArea	ON
2016-11-09	06:49:57.410547	KitchenAArea	ON
2016-11-09	06:49:57.947722	KitchenAStove	ON
2016-11-09	06:49:59.932682	KitchenADiningChair	ON
2016-11-09	06:50:02.188596	DiningRoomAArea	ON
2016-11-09	06:50:02.483393	BedroomBDoor	ON
2016-11-09	06:50:02.884756	BedroomBArea	ON
2016-11-09	06:50:07.033967	BedroomBArea	ON
2016-11-09	06:50:08.035109	BedroomBBed	ON
2016-11-09	06:50:10.098139	BedroomBBed	ON
2016-11-09	06:50:19.775367	BedroomBArea	ON
2016-11-09	06:50:38.697428	BedroomBArea	ON
2016-11-09	06:50:43.010406	BedroomBArea	ON
2016-11-09	06:50:45.598453	KitchenAStove	ON
2016-11-09	06:50:46.620748	KitchenADiningChair	ON
2016-11-09	06:50:46.715887	KitchenAArea	ON
2016-11-09	06:50:46.761543	BedroomBArea	ON
2016-11-09	06:50:48.792047	KitchenARefrigerator	ON
2016-11-09	06:50:50.468395	KitchenAArea	ON
2016-11-09	06:50:51.071449	BedroomBArea	ON
2016-11-09	06:50:52.503283	KitchenAStove	ON
2016-11-09	06:50:56.131716	BedroomBArea	ON
2016-11-09	06:50:58.313359	KitchenAStove	ON
2016-11-09	06:50:58.957031	BedroomBArea	ON
2016-11-09	06:51:03.952294	KitchenAStove	ON
2016-11-09	06:51:04.097601	BedroomBArea	ON
2016-11-09	06:51:05.274668	KitchenAArea	ON
2016-11-09	06:51:05.551857	KitchenADiningChair	ON
2016-11-09	06:51:07.757582	BedroomBArea	ON
2016-11-09	06:51:08.150965	MainEntryway	ON
2016-11-09	06:51:10.540813	BedroomBDoor	ON
2016-11-09	06:51:10.677027	MainEntryway	ON
2016-11-09	06:51:17.235054	MainEntryway	ON
2016-11-09	06:51:18.632945	BedroomBArea	ON
2016-11-09	06:51:19.146859	KitchenAArea	ON
2016-11-09	06:51:21.190522	KitchenAStove	ON
2016-11-09	06:51:21.674588	KitchenADiningChair	ON
2016-11-09	06:51:23.998651	KitchenAStove	ON
2016-11-09	06:51:26.437557	KitchenAStove	ON
2016-11-09	06:51:28.315045	KitchenAStove	ON
2016-11-09	06:51:32.503565	BedroomBArea	ON
2016-11-09	06:51:33.602863	BedroomBDoor	ON
2016-11-09	06:51:37.314313	KitchenAStove	ON
2016-11-09	06:51:37.896023	KitchenAArea	ON
2016-11-09	06:51:41.436399	KitchenAStove	ON
2016-11-09	06:51:43.145200	KitchenAArea	ON
2016-11-09	06:51:43.794636	KitchenADiningChair	ON
2016-11-09	06:51:44.245384	KitchenAStove	ON
2016-11-09	06:51:49.872673	KitchenAStove	ON
2016-11-09	06:51:50.834517	KitchenAArea	ON
2016-11-09	06:51:54.370887	KitchenAStove	ON
2016-11-09	06:51:56.593065	KitchenADiningChair	ON
2016-11-09	06:51:57.484355	KitchenADiningChair	ON
2016-11-09	06:51:58.494669	KitchenAStove	ON
2016-11-09	06:51:59.359008	KitchenADiningChair	ON
2016-11-09	06:51:59.833597	KitchenAArea	ON
2016-11-09	06:52:01.116583	KitchenAStove	ON
2016-11-09	06:52:02.919770	KitchenADiningChair	ON
2016-11-09	06:52:04.871907	KitchenAStove	ON
2016-11-09	06:52:05.269092	KitchenAArea	ON
2016-11-09	06:52:05.923964	KitchenADiningChair	ON
2016-11-09	06:52:11.543257	KitchenADiningChair	ON
2016-11-09	06:52:13.683046	KitchenAStove	ON
2016-11-09	06:52:18.180989	KitchenAStove	ON
2016-11-09	06:52:18.396511	KitchenAArea	ON
2016-11-09	06:52:19.231009	KitchenADiningChair	ON
2016-11-09	06:52:20.458123	KitchenAArea	ON
2016-11-09	06:52:25.142851	KitchenAArea	ON
2016-11-09	06:52:25.230551	KitchenADiningChair	ON
2016-11-09	06:52:26.919574	KitchenADiningChair	ON
2016-11-09	06:52:28.707072	KitchenAArea	ON
2016-11-09	06:52:28.868314	KitchenAStove	ON
2016-11-09	06:52:32.241555	KitchenAStove	ON
2016-11-09	06:52:33.581010	KitchenAArea	ON
2016-11-09	06:52:36.366625	KitchenAStove	ON
2016-11-09	06:52:36.497960	KitchenADiningChair	ON
2016-11-09	06:53:08.919040	KitchenADiningChair	ON
2016-11-09	06:53:09.174839	KitchenAStove	ON
2016-11-09	06:53:09.761691	KitchenAArea	ON
2016-11-09	06:53:12.666332	KitchenADiningChair	ON
2016-11-09	06:53:15.668030	KitchenADiningChair	ON
2016-11-09	06:53:17.077058	KitchenAArea	ON
2016-11-09	06:53:18.104150	KitchenADiningChair	ON
2016-11-09	06:53:18.362593	KitchenAStove	ON
2016-11-09	06:53:25.486582	KitchenAStove	ON
2016-11-09	06:53:28.115243	KitchenAStove	ON
2016-11-09	06:53:31.139374	KitchenAArea	ON
2016-11-09	06:53:32.046617	KitchenAStove	ON
2016-11-09	06:53:32.347444	KitchenADiningChair	ON
2016-11-09	06:53:35.165066	KitchenADiningChair	ON
2016-11-09	06:53:35.823671	KitchenAArea	ON
2016-11-09	06:53:41.072398	KitchenAArea	ON
2016-11-09	06:53:44.260514	KitchenAArea	ON
2016-11-09	06:53:47.261179	KitchenAArea	ON
2016-11-09	06:53:48.288685	KitchenADiningChair	ON
2016-11-09	06:53:49.109256	KitchenAStove	ON
2016-11-09	06:53:57.545640	KitchenAStove	ON
2016-11-09	06:53:57.943983	KitchenAArea	ON
2016-11-09	06:53:58.599435	KitchenADiningChair	ON
2016-11-09	06:54:07.596072	KitchenADiningChair	ON
2016-11-09	06:54:09.010056	KitchenAArea	ON
2016-11-09	06:54:09.543232	KitchenAStove	ON
2016-11-09	06:54:12.360899	KitchenAStove	ON
2016-11-09	06:54:20.604670	KitchenAStove	ON
2016-11-09	06:54:24.356899	KitchenAStove	ON
2016-11-09	06:54:24.844243	KitchenADiningChair	ON
2016-11-09	06:54:29.610582	KitchenAStove	ON
2016-11-09	06:54:29.822385	KitchenADiningChair	ON
2016-11-09	06:54:30.567380	KitchenAArea	ON
2016-11-09	06:54:34.966149	KitchenADiningChair	ON
2016-11-09	06:54:35.075155	KitchenAArea	ON
2016-11-09	06:54:37.134032	KitchenAArea	ON
2016-11-09	06:54:37.853413	KitchenAStove	ON
2016-11-09	06:54:43.781487	KitchenADiningChair	ON
2016-11-09	06:54:45.467761	KitchenADiningChair	ON
2016-11-09	06:55:13.024892	KitchenADiningChair	ON
2016-11-09	06:55:17.972999	KitchenAStove	ON
2016-11-09	06:55:18.651949	KitchenADiningChair	ON
2016-11-09	06:55:21.655846	KitchenADiningChair	ON
2016-11-09	06:55:26.785310	KitchenAStove	ON
2016-11-09	06:55:26.901061	KitchenADiningChair	ON
2016-11-09	06:55:32.869049	KitchenARefrigerator	ON
2016-11-09	06:55:33.372601	KitchenAArea	ON
2016-11-09	06:55:34.529124	KitchenARefrigerator	ON
2016-11-09	06:55:37.404426	KitchenADiningChair	ON
2016-11-09	06:55:37.846997	KitchenAStove	ON
2016-11-09	06:55:39.834698	KitchenADiningChair	ON
2016-11-09	06:55:44.033242	KitchenAStove	ON
2016-11-09	06:55:44.340126	KitchenADiningChair	ON
2016-11-09	06:55:45.186886	KitchenAArea	ON
2016-11-09	06:55:49.283067	KitchenAStove	ON
2016-11-09	06:55:49.458889	KitchenADiningChair	ON
2016-11-09	06:55:51.747457	KitchenAArea	ON
2016-11-09	06:55:53.408324	KitchenAStove	ON
2016-11-09	06:55:54.093859	KitchenADiningChair	ON
2016-11-09	06:55:55.497028	KitchenAArea	ON
2016-11-09	06:55:56.968544	KitchenAStove	ON
2016-11-09	06:56:15.719470	KitchenAStove	ON
2016-11-09	06:56:15.836216	KitchenADiningChair	ON
2016-11-09	06:56:17.058543	KitchenAArea	ON
2016-11-09	06:56:21.550513	KitchenAArea	ON
2016-11-09	06:56:21.772053	KitchenARefrigerator	ON
2016-11-09	06:56:25.149641	KitchenARefrigerator	ON
2016-11-09	06:56:26.059914	KitchenAArea	ON
2016-11-09	06:56:27.713818	KitchenAStove	ON
2016-11-09	06:56:27.834429	KitchenADiningChair	ON
2016-11-09	06:58:04.457881	KitchenAStove	ON
2016-11-09	06:59:34.363110	KitchenAStove	ON
2016-11-09	07:00:22.629982	KitchenAStove	ON
2016-11-09	07:00:23.598650	KitchenADiningChair	ON
2016-11-09	07:00:28.187249	KitchenADiningChair	ON	Guardare_Tv end
2016-11-09	07:01:03.208874	BathroomAToilet	ON	wc begin
2016-11-09	07:01:07.707472	BathroomAToilet	ON
2016-11-09	07:01:10.897850	BathroomAToilet	ON
2016-11-09	07:03:27.980417	KitchenADiningChair	ON
2016-11-09	07:03:43.730350	KitchenADiningChair	ON
2016-11-09	07:03:44.192703	KitchenAArea	ON
2016-11-09	07:03:45.110562	KitchenAStove	ON
2016-11-09	07:03:50.178065	KitchenAStove	ON
2016-11-09	07:03:51.042751	KitchenADiningChair	ON
2016-11-09	07:03:51.317130	KitchenAArea	ON
2016-11-09	07:03:53.920361	KitchenAStove	ON
2016-11-09	07:03:55.800446	KitchenAStove	ON
2016-11-09	07:04:02.008811	KitchenAArea	ON
2016-11-09	07:04:02.306010	KitchenADiningChair	ON
2016-11-09	07:04:02.356734	KitchenAStove	ON
2016-11-09	07:04:05.291264	KitchenADiningChair	ON
2016-11-09	07:04:05.568079	KitchenAArea	ON
2016-11-09	07:04:12.293500	KitchenAStove	ON
2016-11-09	07:04:12.415478	KitchenADiningChair	ON
2016-11-09	07:04:13.255147	KitchenAArea	ON
2016-11-09	07:04:18.037337	KitchenADiningChair	ON
2016-11-09	07:04:18.313105	KitchenAArea	ON
2016-11-09	07:04:18.664813	KitchenAStove	ON
2016-11-09	07:04:23.732183	KitchenAStove	ON
2016-11-09	07:04:24.226399	KitchenADiningChair	ON
2016-11-09	07:04:24.503495	KitchenAArea	ON
2016-11-09	07:04:26.167068	KitchenAStove	ON
2016-11-09	07:04:28.487059	KitchenARefrigerator	ON
2016-11-09	07:04:31.915457	KitchenADiningChair	ON
2016-11-09	07:04:32.001068	KitchenAArea	ON
2016-11-09	07:04:33.288387	KitchenAStove	ON
2016-11-09	07:04:35.937000	KitchenAArea	ON
2016-11-09	07:04:36.037533	KitchenADiningChair	ON
2016-11-09	07:04:40.539705	KitchenADiningChair	ON
2016-11-09	07:04:43.166398	KitchenADiningChair	ON
2016-11-09	07:04:43.247112	KitchenAArea	ON
2016-11-09	07:04:43.604767	KitchenAStove	ON
2016-11-09	07:04:47.189290	KitchenAArea	ON
2016-11-09	07:04:47.722934	KitchenAStove	ON
2016-11-09	07:04:47.846132	KitchenADiningChair	ON
2016-11-09	07:04:53.914170	KitchenAStove	ON
2016-11-09	07:04:56.100270	KitchenADiningChair	ON
2016-11-09	07:04:57.880795	KitchenAArea	ON
2016-11-09	07:05:00.972723	KitchenADiningChair	ON
2016-11-09	07:05:04.162770	KitchenADiningChair	ON
2016-11-09	07:05:04.600059	KitchenAStove	ON
2016-11-09	07:05:04.626776	KitchenAArea	ON
2016-11-09	07:05:08.352370	KitchenAStove	ON
2016-11-09	07:05:08.561563	KitchenAArea	ON
2016-11-09	07:05:09.784461	KitchenADiningChair	ON
2016-11-09	07:05:14.728087	KitchenAStove	ON
2016-11-09	07:05:15.599493	KitchenADiningChair	ON
2016-11-09	07:05:16.058506	KitchenAArea	ON
2016-11-09	07:05:26.724543	KitchenAStove	ON
2016-11-09	07:05:27.598623	KitchenADiningChair	ON
2016-11-09	07:05:27.871089	KitchenAArea	ON
2016-11-09	07:05:31.063918	KitchenAArea	ON
2016-11-09	07:05:33.036138	KitchenADiningChair	ON
2016-11-09	07:05:34.033118	KitchenAStove	ON
2016-11-09	07:05:35.907139	KitchenAStove	ON
2016-11-09	07:05:36.495400	KitchenAArea	ON
2016-11-09	07:05:38.745110	KitchenAArea	ON
2016-11-09	07:05:38.845424	KitchenADiningChair	ON
2016-11-09	07:05:42.118061	KitchenAArea	ON
2016-11-09	07:05:49.278600	BedroomBDoor	ON
2016-11-09	07:05:50.254343	BedroomBArea	ON
2016-11-09	07:05:53.817929	BedroomBArea	ON
2016-11-09	07:05:56.066838	BedroomBArea	ON
2016-11-09	07:06:02.069226	BedroomBArea	ON
2016-11-09	07:06:17.806978	BathroomAToilet	ON
2016-11-09	07:06:20.992175	BathroomAToilet	ON
2016-11-09	07:06:26.051989	BathroomAToilet	ON
2016-11-09	07:06:27.927300	BathroomAToilet	ON
2016-11-09	07:06:50.612446	BathroomAToilet	ON
2016-11-09	07:06:57.463850	BathroomAArea	ON
2016-11-09	07:06:59.611352	BathroomAToilet	ON
2016-11-09	07:06:59.704236	BathroomAArea	ON
2016-11-09	07:07:06.084470	BathroomAArea	ON
2016-11-09	07:07:06.737905	BathroomAToilet	ON
2016-11-09	07:07:13.302367	BathroomAToilet	ON
2016-11-09	07:07:14.981347	BathroomAToilet	ON
2016-11-09	07:07:22.299201	BathroomAToilet	ON
2016-11-09	07:07:26.236994	BathroomAToilet	ON
2016-11-09	07:07:29.424803	BathroomAToilet	ON
2016-11-09	07:07:32.333611	BathroomAArea	ON
2016-11-09	07:36:13.229558	KitchenAArea	ON	Cucinare begin
2016-11-09	07:36:13.355344	KitchenADiningChair	ON
2016-11-09	07:36:14.524746	KitchenAStove	ON
2016-11-09	07:36:20.343199	KitchenAStove	ON
2016-11-09	07:36:22.964581	KitchenAStove	ON
2016-11-09	07:36:23.297321	KitchenADiningChair	ON
2016-11-09	07:36:23.730545	KitchenAArea	ON
2016-11-09	07:36:35.854290	KitchenADiningChair	ON
2016-11-09	07:36:36.105139	KitchenAArea	ON
2016-11-09	07:36:37.213324	KitchenAStove	ON
2016-11-09	07:40:20.562426	KitchenADiningChair	ON
2016-11-09	07:40:20.790585	KitchenAStove	ON
2016-11-09	07:40:24.583520	KitchenADiningChair	ON
2016-11-09	07:40:25.376985	KitchenAStove	ON
2016-11-09	07:40:30.624614	KitchenAStove	ON
2016-11-09	07:40:32.904882	KitchenADiningChair	ON
2016-11-09	07:40:38.873003	KitchenAStove	ON
2016-11-09	07:40:49.931690	KitchenAStove	ON
2016-11-09	07:40:52.894330	KitchenADiningChair	ON
2016-11-09	07:40:59.866143	KitchenAStove	ON
2016-11-09	07:41:05.494365	KitchenAStove	ON
2016-11-09	07:41:10.179164	KitchenAStove	ON
2016-11-09	07:41:13.930903	KitchenAStove	ON
2016-11-09	07:41:14.645872	KitchenADiningChair	ON
2016-11-09	07:43:05.442095	KitchenADiningChair	ON
2016-11-09	07:43:06.044728	KitchenAStove	ON
2016-11-09	07:43:06.437670	KitchenAArea	ON
2016-11-09	07:43:09.424947	KitchenAStove	ON
2016-11-09	07:43:36.982752	KitchenAStove	ON
2016-11-09	07:43:46.727610	KitchenAStove	ON
2016-11-09	07:43:54.602065	KitchenAStove	ON
2016-11-09	07:43:56.439153	KitchenADiningChair	ON
2016-11-09	07:43:57.089838	KitchenAArea	ON
2016-11-09	07:43:59.436928	KitchenADiningChair	ON
2016-11-09	07:44:03.751717	KitchenADiningChair	ON
2016-11-09	07:44:06.789990	KitchenAStove	ON
2016-11-09	07:44:14.849838	KitchenAStove	ON
2016-11-09	07:44:16.744096	KitchenAArea	ON
2016-11-09	07:44:23.098056	KitchenAStove	ON
2016-11-09	07:44:23.304650	KitchenAArea	ON
2016-11-09	07:44:27.598444	KitchenAStove	ON
2016-11-09	07:44:31.722857	KitchenAStove	ON
2016-11-09	07:44:32.998500	KitchenADiningChair	ON
2016-11-09	07:44:34.534807	KitchenAStove	ON
2016-11-09	07:44:50.471000	KitchenAStove	ON
2016-11-09	07:44:54.784564	KitchenAStove	ON
2016-11-09	07:45:02.844069	KitchenAStove	ON
2016-11-09	07:45:16.720314	KitchenAStove	ON
2016-11-09	07:45:20.090226	KitchenAStove	ON
2016-11-09	07:45:23.466027	KitchenAStove	ON
2016-11-09	07:45:26.278279	KitchenAStove	ON
2016-11-09	07:45:46.530850	KitchenAStove	ON
2016-11-09	07:46:04.530431	KitchenAStove	ON
2016-11-09	07:46:13.715071	KitchenAStove	ON
2016-11-09	07:46:24.587208	KitchenAStove	ON
2016-11-09	07:46:47.274107	KitchenAStove	ON
2016-11-09	07:46:50.835324	KitchenAStove	ON
2016-11-09	07:46:53.085424	KitchenAStove	ON
2016-11-09	07:46:56.644644	KitchenAStove	ON
2016-11-09	07:47:09.393310	KitchenAStove	ON
2016-11-09	07:47:15.583981	KitchenAStove	ON
2016-11-09	07:47:18.954574	KitchenAStove	ON
2016-11-09	07:47:34.705118	KitchenAStove	ON
2016-11-09	07:47:47.076939	KitchenAStove	ON
2016-11-09	07:47:52.517122	KitchenAStove	ON
2016-11-09	07:47:57.017087	KitchenAStove	ON
2016-11-09	07:47:58.718761	KitchenAArea	ON
2016-11-09	07:48:12.137774	BedroomBArea	ON
2016-11-09	07:48:15.699547	BedroomBArea	ON
2016-11-09	07:49:54.750051	KitchenAStove	ON
2016-11-09	07:49:58.686454	KitchenAStove	ON
2016-11-09	07:50:01.312366	KitchenAStove	ON
2016-11-09	07:50:05.434658	KitchenAStove	ON
2016-11-09	07:50:09.372894	KitchenAStove	ON
2016-11-09	07:50:13.498347	KitchenAStove	ON
2016-11-09	07:50:18.188747	KitchenAStove	ON
2016-11-09	07:50:21.186038	KitchenAStove	ON
2016-11-09	07:50:24.372061	KitchenAStove	ON
2016-11-09	07:50:28.122432	KitchenAStove	ON
2016-11-09	07:50:37.874170	KitchenAStove	ON
2016-11-09	07:50:41.433208	KitchenAStove	ON
2016-11-09	07:50:44.807975	KitchenAStove	ON
2016-11-09	07:50:45.603887	KitchenAArea	ON
2016-11-09	07:50:47.429734	KitchenAStove	ON
2016-11-09	07:50:49.002839	KitchenADiningChair	ON
2016-11-09	07:51:00.335359	KitchenADiningChair	ON
2016-11-09	07:51:04.276144	KitchenADiningChair	ON
2016-11-09	07:51:04.492171	KitchenAStove	ON
2016-11-09	07:51:12.184492	KitchenAStove	ON
2016-11-09	07:51:15.182868	KitchenAStove	ON
2016-11-09	07:51:18.555540	KitchenAStove	ON
2016-11-09	07:51:27.743040	KitchenAStove	ON
2016-11-09	07:51:36.179115	KitchenAStove	ON
2016-11-09	07:51:39.891551	KitchenADiningChair	ON
2016-11-09	07:51:39.926929	KitchenAStove	ON
2016-11-09	07:51:40.694569	KitchenAArea	ON
2016-11-09	07:51:44.633913	KitchenAArea	ON
2016-11-09	07:51:45.896687	KitchenADiningChair	ON
2016-11-09	07:51:46.114196	KitchenAStove	ON
2016-11-09	07:51:47.819344	KitchenAArea	ON
2016-11-09	07:51:52.906399	MainEntryway	ON
2016-11-09	07:52:03.217304	MainEntryway	ON
2016-11-09	07:52:05.252574	KitchenAArea	ON
2016-11-09	07:52:07.264307	KitchenADiningChair	ON
2016-11-09	07:52:07.486517	KitchenAStove	ON
2016-11-09	07:52:09.927473	KitchenAStove	ON
2016-11-09	07:52:10.128885	KitchenAArea	ON
2016-11-09	07:52:16.463164	LivingRoomAArea	ON
2016-11-09	07:52:32.442682	KitchenAArea	ON
2016-11-09	07:52:34.483077	KitchenAStove	ON
2016-11-09	07:52:34.641376	KitchenADiningChair	ON
2016-11-09	07:52:43.265223	KitchenADiningChair	ON
2016-11-09	07:52:43.290571	KitchenAStove	ON
2016-11-09	07:53:19.859035	KitchenAStove	ON
2016-11-09	07:53:22.261445	KitchenADiningChair	ON
2016-11-09	07:53:48.538223	KitchenAStove	ON
2016-11-09	07:53:51.538250	KitchenAStove	ON
2016-11-09	07:53:55.662938	KitchenAStove	ON
2016-11-09	07:54:03.723715	KitchenAStove	ON
2016-11-09	07:54:06.163810	KitchenAStove	ON
2016-11-09	07:54:20.410569	KitchenAStove	ON
2016-11-09	07:54:23.218580	KitchenAStove	ON
2016-11-09	07:54:28.287332	KitchenAStove	ON
2016-11-09	07:54:36.347037	KitchenAStove	ON
2016-11-09	07:54:44.226125	KitchenAStove	ON
2016-11-09	07:54:45.876573	KitchenADiningChair	ON
2016-11-09	07:54:57.718597	KitchenAStove	ON
2016-11-09	07:55:05.220350	KitchenAStove	ON
2016-11-09	07:55:08.782027	KitchenAStove	ON
2016-11-09	07:55:12.153165	KitchenAStove	ON
2016-11-09	07:55:22.839202	KitchenAStove	ON
2016-11-09	07:55:22.997318	KitchenADiningChair	ON
2016-11-09	07:55:25.653983	KitchenAStove	ON
2016-11-09	07:55:26.268029	KitchenAArea	ON
2016-11-09	07:55:27.122417	KitchenADiningChair	ON
2016-11-09	07:55:30.119158	KitchenADiningChair	ON
2016-11-09	07:55:30.713097	KitchenAStove	ON
2016-11-09	07:55:32.046258	KitchenAArea	ON
2016-11-09	07:55:42.379640	BathroomBArea	ON
2016-11-09	07:55:42.661571	BathroomBSink	ON
2016-11-09	07:55:44.996331	BathroomBArea	ON
2016-11-09	07:55:47.714453	BathroomBToilet	ON
2016-11-09	07:55:49.396575	BathroomBToilet	ON
2016-11-09	07:55:50.798100	BathroomBArea	ON
2016-11-09	07:55:52.413162	BathroomBSink	ON
2016-11-09	07:55:56.848824	BathroomAArea	ON
2016-11-09	07:55:57.029793	BathroomASink	ON
2016-11-09	07:56:00.406971	BathroomAArea	ON
2016-11-09	07:56:02.845268	BathroomAArea	ON
2016-11-09	07:56:05.279994	BathroomASink	ON
2016-11-09	07:56:09.759613	BathroomAArea	ON
2016-11-09	07:56:11.651844	BathroomASink	ON
2016-11-09	07:56:12.573136	BathroomAArea	ON
2016-11-09	07:56:15.240122	BathroomASink	ON
2016-11-09	07:56:15.948843	BathroomAArea	ON
2016-11-09	07:56:18.142838	BedroomADoor	ON
2016-11-09	07:56:18.616180	BedroomAArea	ON
2016-11-09	07:56:24.610558	BedroomAArea	ON
2016-11-09	07:56:27.889462	BedroomADoor	ON
2016-11-09	07:56:29.080291	BathroomAArea	ON
2016-11-09	07:56:29.651736	BathroomASink	ON
2016-11-09	07:56:33.759231	BathroomAArea	ON
2016-11-09	07:56:34.526776	BathroomASink	ON
2016-11-09	07:56:45.397464	BathroomAArea	ON
2016-11-09	07:56:45.423893	BathroomASink	ON
2016-11-09	07:56:47.345158	BathroomAToilet	ON
2016-11-09	07:56:51.461040	BathroomAToilet	ON
2016-11-09	07:56:53.452518	BathroomAArea	ON
2016-11-09	07:56:57.002218	BathroomAArea	ON
2016-11-09	07:56:57.842098	BathroomAToilet	ON
2016-11-09	07:56:58.687957	BathroomAArea	ON
2016-11-09	07:57:01.889822	BathroomAArea	ON
2016-11-09	07:57:02.267996	BathroomASink	ON
2016-11-09	07:57:12.942784	BathroomAArea	ON
2016-11-09	07:57:13.145473	BathroomASink	ON
2016-11-09	07:57:15.376091	BathroomAArea	ON
2016-11-09	07:57:15.768883	BathroomASink	ON
2016-11-09	07:57:17.828803	BathroomASink	ON
2016-11-09	07:57:36.942339	BathroomAArea	ON
2016-11-09	07:57:45.377156	BathroomAArea	ON
2016-11-09	07:57:48.939271	BathroomAArea	ON
2016-11-09	07:57:50.642683	BathroomASink	ON
2016-11-09	07:57:55.541657	BedroomADoor	ON
2016-11-09	07:57:55.732080	BedroomAArea	ON
2016-11-09	07:58:04.540394	BedroomAArea	ON
2016-11-09	07:58:19.095279	BedroomABed	ON
2016-11-09	07:58:20.106695	BedroomAArea	ON
2016-11-09	07:58:24.690408	BedroomADoor	ON
2016-11-09	07:58:30.332550	BathroomBArea	ON
2016-11-09	07:58:32.178318	BathroomBSink	ON
2016-11-09	07:58:41.948899	BathroomBArea	ON
2016-11-09	07:58:42.457293	BathroomBSink	ON
2016-11-09	07:58:46.622605	BedroomADoor	ON
2016-11-09	07:58:46.914266	BedroomAArea	ON
2016-11-09	08:03:13.733367	BedroomAArea	ON
2016-11-09	08:03:18.474754	BedroomADoor	ON
2016-11-09	08:03:20.768409	BathroomBArea	ON
2016-11-09	08:03:21.992762	BathroomBSink	ON
2016-11-09	08:03:24.661425	BedroomADoor	ON
2016-11-09	08:03:25.133591	BedroomAArea	ON
2016-11-09	08:03:35.073354	BedroomAArea	ON
2016-11-09	08:03:39.658325	BedroomADoor	ON
2016-11-09	08:03:40.129900	BedroomAArea	ON
2016-11-09	08:03:47.178775	DiningRoomAArea	ON
2016-11-09	08:03:53.178575	DiningRoomAArea	ON
2016-11-09	08:03:54.863749	DiningRoomAArea	ON
2016-11-09	08:04:02.184786	DiningRoomAArea	ON
2016-11-09	08:04:09.299192	BathroomBArea	ON
2016-11-09	08:04:10.779634	BedroomADoor	ON
2016-11-09	08:04:12.007074	BedroomAArea	ON
2016-11-09	08:04:39.376564	BedroomAArea	ON
2016-11-09	08:04:43.775373	BedroomADoor	ON
2016-11-09	08:04:51.111093	KitchenAArea	ON
2016-11-09	08:04:53.819749	KitchenAStove	ON
2016-11-09	08:04:58.032236	KitchenAStove	ON
2016-11-09	08:05:07.220861	KitchenAStove	ON
2016-11-09	08:05:12.654510	KitchenAStove	ON
2016-11-09	08:05:14.528743	KitchenAStove	ON
2016-11-09	08:05:16.401938	KitchenAStove	ON
2016-11-09	08:05:34.400106	KitchenAStove	ON
2016-11-09	08:05:35.385516	KitchenAArea	ON
2016-11-09	08:05:37.327506	BedroomBArea	ON
2016-11-09	08:05:40.518547	BedroomBArea	ON
2016-11-09	08:05:49.228233	KitchenAArea	ON
2016-11-09	08:05:57.577316	BedroomBArea	ON
2016-11-09	08:06:00.459433	BedroomADoor	ON
2016-11-09	08:06:00.933506	BedroomAArea	ON
2016-11-09	08:06:02.072356	BedroomBDoor	ON
2016-11-09	08:06:13.138556	BedroomAArea	ON
2016-11-09	08:06:13.694570	BedroomBDoor	ON
2016-11-09	08:06:14.828933	BedroomAArea	ON
2016-11-09	08:06:15.412000	BedroomBArea	ON
2016-11-09	08:06:21.680001	BedroomBBed	ON
2016-11-09	08:06:24.768577	BedroomAArea	ON
2016-11-09	08:06:26.655323	BedroomBArea	ON
2016-11-09	08:06:33.767138	BedroomAArea	ON
2016-11-09	08:06:35.738193	BedroomBBed	ON
2016-11-09	08:06:37.427548	BedroomBBed	ON
2016-11-09	08:06:42.865334	BedroomBBed	ON
2016-11-09	08:06:43.701792	BedroomAArea	ON
2016-11-09	08:06:47.178451	BedroomBBed	ON
2016-11-09	08:06:49.696412	BedroomAArea	ON
2016-11-09	08:06:51.216608	BedroomBArea	ON
2016-11-09	08:06:53.096529	BedroomBArea	ON
2016-11-09	08:06:54.083539	BedroomADoor	ON
2016-11-09	08:06:54.383277	BedroomAArea	ON
2016-11-09	08:06:56.279531	BedroomBArea	ON
2016-11-09	08:06:59.177145	BedroomBBed	ON
2016-11-09	08:07:05.072118	BedroomAArea	ON
2016-11-09	08:07:09.782994	BedroomBArea	ON
2016-11-09	08:07:10.798208	BedroomBBed	ON
2016-11-09	08:07:12.757967	BedroomAArea	ON
2016-11-09	08:07:16.329127	BedroomAArea	ON
2016-11-09	08:07:22.423405	BedroomBBed	ON
2016-11-09	08:07:27.569583	BedroomAArea	ON
2016-11-09	08:07:27.610251	BedroomBArea	ON
2016-11-09	08:07:31.157459	BedroomBArea	ON
2016-11-09	08:07:36.028207	BedroomBArea	ON
2016-11-09	08:07:36.858411	BedroomBBed	ON
2016-11-09	08:07:38.170100	BedroomABed	ON
2016-11-09	08:07:41.818645	BedroomAArea	ON
2016-11-09	08:07:43.045619	BedroomABed	ON
2016-11-09	08:07:44.251946	BedroomAArea	ON
2016-11-09	08:07:48.381252	BedroomAArea	ON
2016-11-09	08:07:48.589474	BedroomBArea	ON
2016-11-09	08:07:54.027673	BedroomBArea	ON
2016-11-09	08:07:55.048007	BedroomBBed	ON
2016-11-09	08:08:00.398585	BedroomBArea	ON
2016-11-09	08:08:01.427388	BedroomBBed	ON
2016-11-09	08:08:02.730268	BedroomABed	ON
2016-11-09	08:08:07.233721	BedroomABed	ON
2016-11-09	08:08:07.336508	BedroomBArea	ON
2016-11-09	08:08:13.602430	BedroomABed	ON
2016-11-09	08:08:16.883910	BedroomAArea	ON
2016-11-09	08:08:18.564218	BedroomAArea	ON
2016-11-09	08:08:27.749892	BedroomAArea	ON
2016-11-09	08:08:31.503175	BedroomAArea	ON
2016-11-09	08:08:33.938071	BedroomAArea	ON
2016-11-09	08:08:48.949537	BedroomAArea	ON
2016-11-09	08:08:51.192435	BedroomAArea	ON
2016-11-09	08:08:56.434919	BedroomAArea	ON
2016-11-09	08:09:02.598602	BedroomADoor	ON
2016-11-09	08:09:08.125200	BedroomADoor	ON
2016-11-09	08:09:09.008008	BedroomAArea	ON
2016-11-09	08:09:15.189275	BedroomAArea	ON
2016-11-09	08:09:29.723176	BedroomABed	ON
2016-11-09	08:09:30.188664	BedroomAArea	ON
2016-11-09	08:09:36.185190	BedroomAArea	ON
2016-11-09	08:09:37.871438	BedroomAArea	ON
2016-11-09	08:09:40.116101	BedroomAArea	ON
2016-11-09	08:09:41.160650	BedroomABed	ON
2016-11-09	08:09:45.371232	BedroomAArea	ON
2016-11-09	08:09:48.373826	BedroomAArea	ON
2016-11-09	08:09:50.433074	BedroomAArea	ON
2016-11-09	08:09:55.404365	BedroomABed	ON
2016-11-09	08:10:00.179533	BedroomAArea	ON
2016-11-09	08:10:08.531106	BedroomABed	ON
2016-11-09	08:10:09.928118	BedroomAArea	ON
2016-11-09	08:10:15.181368	BedroomAArea	ON
2016-11-09	08:10:15.469969	BedroomABed	ON
2016-11-09	08:10:18.093861	BedroomABed	ON
2016-11-09	08:10:49.404603	BedroomABed	ON
2016-11-09	08:11:03.842061	BedroomABed	ON
2016-11-09	08:11:04.089643	BedroomAArea	ON
2016-11-09	08:11:06.528781	BedroomAArea	ON
2016-11-09	08:11:09.051323	BedroomADoor	ON
2016-11-09	08:11:10.923628	BedroomADoor	ON
2016-11-09	08:11:11.961078	BedroomAArea	ON
2016-11-09	08:11:14.861232	BedroomADoor	ON
2016-11-09	08:11:33.612279	BedroomADoor	ON
2016-11-09	08:11:35.586659	BedroomAArea	ON
2016-11-09	08:11:41.299047	BedroomADoor	ON
2016-11-09	08:11:48.796118	BedroomADoor	ON
2016-11-09	08:11:50.212188	BedroomAArea	ON
2016-11-09	08:11:53.021565	BedroomAArea	ON
2016-11-09	08:11:53.671412	BedroomADoor	ON
2016-11-09	08:11:55.747297	BathroomBArea	ON
2016-11-09	08:12:00.812439	KitchenAArea	ON
2016-11-09	08:12:03.048077	KitchenAStove	ON
2016-11-09	08:12:22.920322	KitchenAStove	ON
2016-11-09	08:12:25.900930	KitchenADiningChair	ON
2016-11-09	08:12:26.684978	KitchenAArea	ON
2016-11-09	08:12:28.367285	KitchenAArea	ON
2016-11-09	08:12:31.231447	MainEntryway	ON
2016-11-09	08:12:35.172329	MainEntryway	ON
2016-11-09	08:12:42.057404	BathroomBArea	ON
2016-11-09	08:12:43.914694	BedroomADoor	ON
2016-11-09	08:12:44.205532	BedroomAArea	ON
2016-11-09	08:12:54.702821	BedroomAArea	ON
2016-11-09	08:13:07.866281	BedroomAArea	ON
2016-11-09	08:13:09.973309	BedroomADoor	ON
2016-11-09	08:13:11.201565	BedroomAArea	ON
2016-11-09	08:13:11.663099	BedroomADoor	ON
2016-11-09	08:13:15.035387	BedroomADoor	ON
2016-11-09	08:13:15.138134	BedroomAArea	ON
2016-11-09	08:13:23.578748	BedroomAArea	ON
2016-11-09	08:13:26.759656	BedroomAArea	ON
2016-11-09	08:13:33.890544	BedroomAArea	ON
2016-11-09	08:13:45.889820	BedroomAArea	ON
2016-11-09	08:13:54.077613	BedroomABed	ON
2016-11-09	08:14:00.824834	BedroomABed	ON
2016-11-09	08:14:01.642925	BedroomAArea	ON
2016-11-09	08:14:07.075695	BedroomAArea	ON
2016-11-09	08:14:07.195200	BedroomABed	ON
2016-11-09	08:14:10.635747	BedroomAArea	ON
2016-11-09	08:14:20.983057	BedroomABed	ON
2016-11-09	08:14:24.634469	BedroomABed	ON
2016-11-09	08:14:24.882919	BedroomAArea	ON
2016-11-09	08:14:29.949510	BedroomAArea	ON
2016-11-09	08:14:32.006552	BedroomAArea	ON
2016-11-09	08:14:37.760973	BedroomABed	ON
2016-11-09	08:14:37.821829	BedroomAArea	ON
2016-11-09	08:14:46.631623	BedroomAArea	ON
2016-11-09	08:14:46.752458	BedroomABed	ON
2016-11-09	08:14:51.442642	BedroomABed	ON
2016-11-09	08:14:52.631294	BedroomAArea	ON
2016-11-09	08:14:58.441971	BedroomAArea	ON
2016-11-09	08:15:01.376899	BedroomABed	ON
2016-11-09	08:15:09.443943	BedroomABed	ON
2016-11-09	08:15:10.443676	BedroomAArea	ON
2016-11-09	08:15:14.754853	BedroomAArea	ON
2016-11-09	08:15:16.443006	BedroomAArea	ON
2016-11-09	08:15:18.316179	BedroomAArea	ON
2016-11-09	08:15:32.685766	BedroomABed	ON
2016-11-09	08:15:40.749912	BedroomABed	ON
2016-11-09	08:16:00.249854	BedroomABed	ON
2016-11-09	08:16:00.522701	BedroomAArea	ON
2016-11-09	08:16:07.831181	BedroomAArea	ON
2016-11-09	08:16:11.953769	BedroomAArea	ON
2016-11-09	08:16:16.747320	BedroomABed	ON
2016-11-09	08:16:17.579305	BedroomAArea	ON
2016-11-09	08:16:21.622519	BedroomABed	ON
2016-11-09	08:16:24.329608	BedroomAArea	ON
2016-11-09	08:16:34.747493	BedroomABed	ON
2016-11-09	08:16:39.437869	BedroomABed	ON
2016-11-09	08:16:40.271209	BedroomAArea	ON
2016-11-09	08:16:41.308726	BedroomABed	ON
2016-11-09	08:16:44.579514	BedroomAArea	ON
2016-11-09	08:16:46.185694	BedroomABed	ON
2016-11-09	08:16:47.955806	BedroomAArea	ON
2016-11-09	08:16:53.960386	BedroomAArea	ON
2016-11-09	08:16:58.454113	BedroomAArea	ON
2016-11-09	08:16:58.555174	BedroomABed	ON
2016-11-09	08:17:04.179016	BedroomABed	ON
2016-11-09	08:17:04.637234	BedroomAArea	ON
2016-11-09	08:17:08.017194	BedroomAArea	ON
2016-11-09	08:17:16.928117	BedroomABed	ON
2016-11-09	08:17:17.577403	BedroomAArea	ON
2016-11-09	08:17:29.869457	BedroomABed	ON
2016-11-09	08:17:31.550860	BedroomABed	ON
2016-11-09	08:17:42.137912	BedroomAArea	ON
2016-11-09	08:17:47.489134	BedroomABed	ON
2016-11-09	08:17:49.554639	BedroomABed	ON
2016-11-09	08:17:50.198303	BedroomAArea	ON
2016-11-09	08:17:53.384869	BedroomAArea	ON
2016-11-09	08:18:09.799808	BedroomABed	ON
2016-11-09	08:18:09.880882	BedroomAArea	ON
2016-11-09	08:18:12.988986	BedroomABed	ON
2016-11-09	08:18:13.067682	BedroomAArea	ON
2016-11-09	08:18:15.325723	BedroomAArea	ON
2016-11-09	08:18:21.321834	BedroomAArea	ON
2016-11-09	08:18:26.298880	BedroomABed	ON
2016-11-09	08:18:28.252149	BedroomAArea	ON
2016-11-09	08:18:44.303313	BedroomABed	ON
2016-11-09	08:18:44.383286	BedroomAArea	ON
2016-11-09	08:18:47.192318	BedroomAArea	ON
2016-11-09	08:18:51.507599	BedroomAArea	ON
2016-11-09	08:18:56.754918	BedroomAArea	ON
2016-11-09	08:19:05.751739	BedroomAArea	ON
2016-11-09	08:19:06.235035	BedroomABed	ON
2016-11-09	08:19:09.983980	BedroomABed	ON
2016-11-09	08:19:14.568778	BedroomAArea	ON
2016-11-09	08:19:19.626137	BedroomAArea	ON
2016-11-09	08:19:22.539946	BedroomABed	ON
2016-11-09	08:19:23.188153	BedroomAArea	ON
2016-11-09	08:19:26.941072	BedroomAArea	ON
2016-11-09	08:19:45.626230	MainEntryway	ON
2016-11-09	08:19:48.121515	BedroomAArea	ON
2016-11-09	08:19:52.810475	BedroomAArea	ON
2016-11-09	08:19:53.104516	KitchenAArea	ON
2016-11-09	08:19:54.503765	BedroomAArea	ON
2016-11-09	08:19:58.397733	KitchenADiningChair	ON
2016-11-09	08:19:59.074790	KitchenAArea	ON
2016-11-09	08:19:59.726665	KitchenAStove	ON
2016-11-09	08:20:00.745556	KitchenADiningChair	ON
2016-11-09	08:20:02.797085	KitchenADiningChair	ON
2016-11-09	08:20:03.370045	KitchenAStove	ON
2016-11-09	08:20:04.537815	BedroomABed	ON
2016-11-09	08:20:07.621345	BedroomAArea	ON
2016-11-09	08:20:07.857812	KitchenADiningChair	ON
2016-11-09	08:20:10.246618	BedroomAArea	ON
2016-11-09	08:20:10.724275	BedroomABed	ON
2016-11-09	08:20:11.259406	KitchenAArea	ON
2016-11-09	08:20:11.797143	KitchenADiningChair	ON
2016-11-09	08:20:12.870682	BedroomAArea	ON
2016-11-09	08:20:15.306684	BedroomAArea	ON
2016-11-09	08:20:21.037662	BedroomABed	ON
2016-11-09	08:20:24.575172	DiningRoomAArea	ON
2016-11-09	08:20:26.259747	DiningRoomAArea	ON
2016-11-09	08:20:26.471246	BedroomABed	ON
2016-11-09	08:20:29.452982	DiningRoomAArea	ON
2016-11-09	08:20:30.685199	BedroomAArea	ON
2016-11-09	08:20:37.993170	BedroomAArea	ON
2016-11-09	08:20:40.649847	BedroomBDoor	ON
2016-11-09	08:20:41.553848	BedroomAArea	ON
2016-11-09	08:20:43.428514	BedroomBDoor	ON
2016-11-09	08:20:48.116708	BedroomAArea	ON
2016-11-09	08:20:53.100060	BedroomABed	ON
2016-11-09	08:20:55.242193	BedroomBDoor	ON
2016-11-09	08:20:55.721807	BedroomABed	ON
2016-11-09	08:20:58.411817	BedroomAArea	ON
2016-11-09	08:20:59.368956	BedroomBArea	ON
2016-11-09	08:21:03.473211	BedroomAArea	ON
2016-11-09	08:21:07.053514	BedroomBArea	ON
2016-11-09	08:21:07.593058	BedroomAArea	ON
2016-11-09	08:21:08.840820	BedroomABed	ON
2016-11-09	08:21:12.227123	BedroomABed	ON
2016-11-09	08:21:12.466399	BedroomAArea	ON
2016-11-09	08:21:16.051666	BedroomBArea	ON
2016-11-09	08:21:17.347126	BedroomAArea	ON
2016-11-09	08:21:19.592797	BedroomAArea	ON
2016-11-09	08:21:20.712826	BedroomADoor	ON
2016-11-09	08:21:21.030576	BedroomABed	ON
2016-11-09	08:21:24.473571	BedroomAArea	ON
2016-11-09	08:21:29.719726	BedroomAArea	ON
2016-11-09	08:21:32.530138	BedroomAArea	ON
2016-11-09	08:21:33.219958	BedroomABed	ON
2016-11-09	08:21:37.420829	BedroomBArea	ON
2016-11-09	08:21:37.796708	BedroomBDoor	ON
2016-11-09	08:21:38.279182	BedroomABed	ON
2016-11-09	08:21:41.527592	BedroomAArea	ON
2016-11-09	08:21:46.027789	BedroomAArea	ON
2016-11-09	08:21:46.234256	BedroomBDoor	ON
2016-11-09	08:21:55.530478	BedroomABed	ON
2016-11-09	08:21:56.925060	BedroomBDoor	ON
2016-11-09	08:21:58.214231	BedroomAArea	ON
2016-11-09	08:22:03.036789	BathroomBArea	ON
2016-11-09	08:22:04.857976	BedroomADoor	ON
2016-11-09	08:22:11.610928	BedroomADoor	ON
2016-11-09	08:22:15.962970	BedroomABed	ON
2016-11-09	08:22:18.093044	BedroomAArea	ON
2016-11-09	08:22:21.373137	BathroomBArea	ON
2016-11-09	08:22:28.400192	BedroomAArea	ON
2016-11-09	08:22:29.090837	BedroomABed	ON
2016-11-09	08:22:34.907824	BedroomABed	ON
2016-11-09	08:22:36.583518	BedroomABed	ON
2016-11-09	08:22:39.772511	BedroomABed	ON
2016-11-09	08:22:42.650556	BedroomAArea	ON
2016-11-09	08:22:52.400646	BedroomAArea	ON
2016-11-09	08:22:55.961466	BedroomAArea	ON
2016-11-09	08:22:57.354904	BedroomADoor	ON
2016-11-09	08:22:59.246552	BathroomBArea	ON
2016-11-09	08:23:05.054476	KitchenAArea	ON
2016-11-09	08:23:08.404412	KitchenADiningChair	ON
2016-11-09	08:23:08.416300	KitchenAStove	ON
2016-11-09	08:23:12.430138	KitchenADiningChair	ON
2016-11-09	08:23:15.339144	KitchenADiningChair	ON
2016-11-09	08:23:19.282165	KitchenADiningChair	ON
2016-11-09	08:23:42.334991	KitchenADiningChair	ON
2016-11-09	08:23:51.715382	KitchenADiningChair	ON
2016-11-09	08:23:51.726625	KitchenAStove	ON
2016-11-09	08:23:54.348773	KitchenAStove	ON
2016-11-09	08:23:57.523211	KitchenADiningChair	ON
2016-11-09	08:23:59.224024	KitchenAStove	ON
2016-11-09	08:23:59.421668	KitchenAArea	ON
2016-11-09	08:23:59.774075	KitchenADiningChair	ON
2016-11-09	08:24:02.034198	KitchenAStove	ON
2016-11-09	08:24:05.212248	KitchenADiningChair	ON
2016-11-09	08:24:11.961324	KitchenADiningChair	ON
2016-11-09	08:24:11.974754	KitchenAStove	ON
2016-11-09	08:24:42.457027	KitchenADiningChair	ON
2016-11-09	08:24:42.528486	KitchenAStove	ON
2016-11-09	08:24:45.906501	KitchenAStove	ON
2016-11-09	08:24:47.203954	KitchenADiningChair	ON
2016-11-09	08:24:53.407051	KitchenAStove	ON
2016-11-09	08:24:57.711729	KitchenAStove	ON
2016-11-09	08:25:07.652173	KitchenAStove	ON
2016-11-09	08:25:08.392966	KitchenADiningChair	ON
2016-11-09	08:25:38.585865	KitchenAStove	ON
2016-11-09	08:25:49.459765	KitchenAStove	ON
2016-11-09	08:25:51.338613	KitchenAStove	ON
2016-11-09	08:26:30.142077	KitchenAStove	ON
2016-11-09	08:26:35.579161	KitchenAStove	ON
2016-11-09	08:26:38.579586	KitchenAStove	ON
2016-11-09	08:26:44.016773	KitchenAStove	ON
2016-11-09	08:26:50.392105	KitchenAStove	ON
2016-11-09	08:26:54.704478	KitchenAStove	ON
2016-11-09	08:26:56.763950	KitchenAStove	ON
2016-11-09	08:27:04.268495	KitchenAStove	ON
2016-11-09	08:27:06.700679	KitchenAStove	ON
2016-11-09	08:27:24.322077	KitchenAStove	ON
2016-11-09	08:27:41.761867	KitchenAStove	ON
2016-11-09	08:27:45.603466	KitchenAStove	ON
2016-11-09	08:28:01.258960	KitchenAStove	ON
2016-11-09	08:28:03.318571	KitchenAStove	ON
2016-11-09	08:28:07.820677	KitchenAStove	ON
2016-11-09	08:28:21.317718	KitchenAStove	ON
2016-11-09	08:28:22.999906	KitchenADiningChair	ON
2016-11-09	08:28:23.193571	KitchenAStove	ON
2016-11-09	08:28:25.066760	KitchenAStove	ON
2016-11-09	08:28:26.558413	KitchenADiningChair	ON
2016-11-09	08:28:29.378747	KitchenAStove	ON
2016-11-09	08:28:32.009804	KitchenAStove	ON
2016-11-09	08:28:36.505361	KitchenAStove	ON
2016-11-09	08:28:42.318567	KitchenAStove	ON
2016-11-09	08:28:47.568470	KitchenAStove	ON
2016-11-09	08:29:13.065711	KitchenAStove	ON
2016-11-09	08:29:13.241501	KitchenADiningChair	ON
2016-11-09	08:29:14.203938	KitchenAArea	ON
2016-11-09	08:29:25.052877	KitchenADiningChair	ON
2016-11-09	08:29:34.246599	KitchenAStove	ON
2016-11-09	08:29:34.432061	KitchenADiningChair	ON
2016-11-09	08:29:34.634888	KitchenAArea	ON
2016-11-09	08:29:34.967329	BedroomBArea	ON
2016-11-09	08:29:42.322551	KitchenAArea	ON
2016-11-09	08:29:43.246002	KitchenAStove	ON
2016-11-09	08:29:43.428333	KitchenADiningChair	ON
2016-11-09	08:29:50.690268	BedroomBArea	ON
2016-11-09	08:29:52.192481	BedroomBDoor	ON
2016-11-09	08:29:52.431221	KitchenAStove	ON
2016-11-09	08:29:53.226449	KitchenAArea	ON
2016-11-09	08:29:54.123466	KitchenAStove	ON
2016-11-09	08:30:01.186525	BedroomBArea	ON
2016-11-09	08:30:03.246447	BedroomBArea	ON
2016-11-09	08:30:03.821341	BedroomBDoor	ON
2016-11-09	08:30:06.434091	BedroomBArea	ON
2016-11-09	08:30:07.376348	BedroomBDoor	ON
2016-11-09	08:30:10.432543	KitchenAStove	ON
2016-11-09	08:30:11.128531	BedroomBDoor	ON
2016-11-09	08:30:13.933924	BedroomBArea	ON
2016-11-09	08:30:16.189302	BedroomBDoor	ON
2016-11-09	08:30:18.250937	BedroomBArea	ON
2016-11-09	08:30:20.364734	KitchenAStove	ON
2016-11-09	08:30:20.501111	BedroomBDoor	ON
2016-11-09	08:30:26.496031	BedroomBArea	ON
2016-11-09	08:30:29.069288	MainEntryway	ON
2016-11-09	08:30:32.551131	KitchenAStove	ON
2016-11-09	08:30:34.133302	MainEntryway	ON
2016-11-09	08:30:34.631552	KitchenAArea	ON
2016-11-09	08:30:35.174994	KitchenADiningChair	ON
2016-11-09	08:30:38.568775	KitchenAArea	ON
2016-11-09	08:30:45.696645	BathroomBArea	ON
2016-11-09	08:30:46.928416	BedroomAArea	ON
2016-11-09	08:30:46.991472	BedroomADoor	ON
2016-11-09	08:30:49.806422	BedroomADoor	ON
2016-11-09	08:30:51.885826	BathroomBArea	ON
2016-11-09	08:30:56.373121	KitchenAArea	ON
2016-11-09	08:30:58.797828	KitchenADiningChair	ON
2016-11-09	08:30:58.993907	KitchenAStove	ON
2016-11-09	08:30:59.005816	KitchenAArea	ON
2016-11-09	08:31:02.168726	KitchenADiningChair	ON
2016-11-09	08:31:02.365668	KitchenAStove	ON
2016-11-09	08:31:02.376405	KitchenAArea	ON
2016-11-09	08:31:09.130386	BathroomBArea	ON
2016-11-09	08:31:10.049702	BedroomADoor	ON
2016-11-09	08:31:10.910346	BedroomAArea	ON
2016-11-09	08:31:15.972547	BedroomAArea	ON
2016-11-09	08:31:26.890640	BedroomABed	ON
2016-11-09	08:31:36.218295	BedroomAArea	ON
2016-11-09	08:31:41.411214	BedroomABed	ON
2016-11-09	08:31:45.163371	BedroomABed	ON
2016-11-09	08:31:47.661122	BedroomAArea	ON
2016-11-09	08:31:55.097630	BedroomABed	ON
2016-11-09	08:31:57.535806	BedroomABed	ON
2016-11-09	08:31:59.786139	BedroomABed	ON
2016-11-09	08:32:03.910797	BedroomABed	ON
2016-11-09	08:32:15.724055	BedroomABed	ON
2016-11-09	08:32:22.658611	BedroomABed	ON
2016-11-09	08:32:26.410850	BedroomABed	ON
2016-11-09	08:32:30.908258	BedroomABed	ON
2016-11-09	08:32:34.469460	BedroomABed	ON
2016-11-09	08:32:35.094765	BedroomAArea	ON
2016-11-09	08:32:37.528645	BedroomAArea	ON
2016-11-09	08:32:40.093651	BedroomABed	ON
2016-11-09	08:32:52.151578	BedroomAArea	ON
2016-11-09	08:32:57.025692	BedroomAArea	ON
2016-11-09	08:32:57.157793	BedroomABed	ON
2016-11-09	08:33:09.900557	BedroomABed	ON
2016-11-09	08:33:15.966125	BedroomAArea	ON
2016-11-09	08:33:21.209228	BedroomAArea	ON
2016-11-09	08:33:25.276669	BedroomABed	ON
2016-11-09	08:33:38.272568	BedroomAArea	ON
2016-11-09	08:33:39.739491	MainEntryway	ON
2016-11-09	08:33:40.899736	BedroomAArea	ON
2016-11-09	08:33:47.273396	BedroomAArea	ON
2016-11-09	08:33:48.672028	KitchenAArea	ON
2016-11-09	08:33:52.233462	KitchenAArea	ON
2016-11-09	08:33:54.089878	KitchenADiningChair	ON
2016-11-09	08:33:54.111437	KitchenAArea	ON
2016-11-09	08:33:54.659617	KitchenAStove	ON
2016-11-09	08:33:56.830835	BedroomAArea	ON
2016-11-09	08:33:58.965707	KitchenADiningChair	ON
2016-11-09	08:34:01.276952	BedroomABed	ON
2016-11-09	08:34:01.779170	KitchenADiningChair	ON
2016-11-09	08:34:03.467567	KitchenADiningChair	ON
2016-11-09	08:34:04.520643	BedroomAArea	ON
2016-11-09	08:34:07.334204	BedroomAArea	ON
2016-11-09	08:34:11.455073	BedroomAArea	ON
2016-11-09	08:34:13.272012	BedroomABed	ON
2016-11-09	08:34:15.959530	BedroomAArea	ON
2016-11-09	08:34:20.588493	BedroomABed	ON
2016-11-09	08:34:21.767689	BedroomAArea	ON
2016-11-09	08:34:23.210086	BedroomABed	ON
2016-11-09	08:34:26.079530	BedroomAArea	ON
2016-11-09	08:34:35.077646	BedroomAArea	ON
2016-11-09	08:34:42.958864	BedroomAArea	ON
2016-11-09	08:34:44.824170	BedroomAArea	ON
2016-11-09	08:34:48.202457	BedroomAArea	ON
2016-11-09	08:34:50.267597	BedroomAArea	ON
2016-11-09	08:34:56.077442	BedroomAArea	ON
2016-11-09	08:35:00.947607	BedroomADoor	ON
2016-11-09	08:35:01.700368	BedroomAArea	ON
2016-11-09	08:35:02.525841	BedroomADoor	ON
2016-11-09	08:35:04.700098	BathroomAArea	ON
2016-11-09	08:35:05.042210	BathroomASink	ON
2016-11-09	08:35:05.711153	KitchenADiningChair	ON
2016-11-09	08:35:10.078494	BathroomBArea	ON
2016-11-09	08:35:11.250106	KitchenADiningChair	ON
2016-11-09	08:35:11.294358	BathroomBSink	ON
2016-11-09	08:35:12.103992	KitchenAArea	ON
2016-11-09	08:35:12.463103	KitchenAStove	ON
2016-11-09	08:35:13.917218	BathroomBSink	ON
2016-11-09	08:35:13.982933	BathroomBArea	ON
2016-11-09	08:35:19.232024	BathroomBArea	ON
2016-11-09	08:35:19.918740	BathroomBSink	ON
2016-11-09	08:35:24.480149	BathroomBArea	ON
2016-11-09	08:35:29.353718	BathroomBArea	ON
2016-11-09	08:35:32.352283	BathroomBArea	ON
2016-11-09	08:35:35.352430	BathroomBArea	ON
2016-11-09	08:35:37.226038	BathroomBArea	ON
2016-11-09	08:35:50.354204	BathroomBArea	ON
2016-11-09	08:35:52.232054	BathroomBArea	ON
2016-11-09	08:36:00.663269	BathroomBArea	ON
2016-11-09	08:36:10.599524	BathroomBArea	ON
2016-11-09	08:36:13.786237	BathroomBArea	ON
2016-11-09	08:36:16.160547	BathroomBSink	ON
2016-11-09	08:36:25.592911	KitchenAArea	ON
2016-11-09	08:36:27.828949	KitchenADiningChair	ON
2016-11-09	08:36:28.016127	KitchenAStove	ON
2016-11-09	08:36:30.464534	KitchenAArea	ON
2016-11-09	08:36:34.762314	KitchenADiningChair	ON
2016-11-09	08:36:35.703591	KitchenAStove	ON
2016-11-09	08:36:40.203742	KitchenADiningChair	ON
2016-11-09	08:36:42.449893	KitchenADiningChair	ON
2016-11-09	08:36:46.202820	KitchenAStove	ON
2016-11-09	08:36:47.701852	KitchenADiningChair	ON
2016-11-09	08:36:48.450611	KitchenAStove	ON
2016-11-09	08:36:52.388217	KitchenADiningChair	ON
2016-11-09	08:37:00.075949	KitchenADiningChair	ON
2016-11-09	08:37:04.388304	KitchenADiningChair	ON	Cucinare end
